Link|Title|File Size
https://cloud.freemdict.com/index.php/s/pgKcDcbSDTCzXCs/download?path=%2FCHINESE%2FChi-Eng&files=Adso%20Chinese-English%20Phonetic%20and%20Definitions%20Dictionary.7z|Adso Chinese-English Phonetic and Definitions Dictionary|4.6 MB
https://cloud.freemdict.com/index.php/s/pgKcDcbSDTCzXCs/download?path=%2FCHINESE%2FChi-Eng&files=Adso%20Chinese-English%20Phonetic%20and%20Definitions%20Dictionary%20(MDX).7z|Adso Chinese-English Phonetic and Definitions Dictionary (MDX)|6.6 MB
https://cloud.freemdict.com/index.php/s/pgKcDcbSDTCzXCs/download?path=%2FCHINESE%2FChi-Eng&files=Advanced%20Chinese%20Dictionary%20(Zh-En).7z|Advanced Chinese Dictionary (Zh-En)|5.5 MB
https://cloud.freemdict.com/index.php/s/pgKcDcbSDTCzXCs/download?path=%2FCHINESE%2FChi-Eng&files=Advanced%20Chinese-English%20Dictionary%20(Zh-En)%202.2-GD.zip|Advanced Chinese-English Dictionary (Zh-En) 2.2-GD|8.4 MB
https://cloud.freemdict.com/index.php/s/pgKcDcbSDTCzXCs/download?path=%2FCHINESE%2FChi-Eng&files=Anatomy%20Diagrams%20(Ch-En)%20(MDX).7z|Anatomy Diagrams (Ch-En) (MDX)|3.3 MB
https://cloud.freemdict.com/index.php/s/pgKcDcbSDTCzXCs/download?path=%2FCHINESE%2FChi-Eng&files=AnimCJK%20%5BZH-EN%5D%20(MDX).zip|AnimCJK [ZH-EN] (MDX)|11.6 MB
https://cloud.freemdict.com/index.php/s/pgKcDcbSDTCzXCs/download?path=%2FCHINESE%2FChi-Eng&files=Astronomy%20Terms%202019%20(En-Ch%2C%20Ch-En)%20(MDX).7z|Astronomy Terms 2019 (En-Ch, Ch-En) (MDX)|1.1 MB
https://cloud.freemdict.com/index.php/s/pgKcDcbSDTCzXCs/download?path=%2FCHINESE%2FChi-Eng&files=Cambridge%20Advanced%20English-Chinese%20and%20Chinese-English%20Dictionary%20(Online%20Version)%20(MDX).zip|Cambridge Advanced English-Chinese and Chinese-English Dictionary (Online Version) (MDX)|8 MB
https://cloud.freemdict.com/index.php/s/pgKcDcbSDTCzXCs/download?path=%2FCHINESE%2FChi-Eng&files=CC-Canto%20(Ch-En)%20(MDX).7z|CC-Canto (Ch-En) (MDX)|3.2 MB
https://cloud.freemdict.com/index.php/s/pgKcDcbSDTCzXCs/download?path=%2FCHINESE%2FChi-Eng&files=Chinese%20(S)%20-%20English%20Glossary%20of%20Legal%20Terms.7z|Chinese (S) - English Glossary of Legal Terms|310 KB
https://cloud.freemdict.com/index.php/s/pgKcDcbSDTCzXCs/download?path=%2FCHINESE%2FChi-Eng&files=Chinese%20Buddhist%20Terms%20(Ch-En).7z|Chinese Buddhist Terms (Ch-En)|3.1 MB
https://cloud.freemdict.com/index.php/s/pgKcDcbSDTCzXCs/download?path=%2FCHINESE%2FChi-Eng&files=Chinese%20Idioms%20and%20there%20English%20Equivalents%20(Ch-En)%20(MDX).zip|Chinese Idioms and there English Equivalents (Ch-En) (MDX)|940 KB
https://cloud.freemdict.com/index.php/s/pgKcDcbSDTCzXCs/download?path=%2FCHINESE%2FChi-Eng&files=Chinese%20Idioms%20Explained%20in%20English%20(Ch-En)%20(BGL).7z|Chinese Idioms Explained in English (Ch-En) (BGL)|100 KB
https://cloud.freemdict.com/index.php/s/pgKcDcbSDTCzXCs/download?path=%2FCHINESE%2FChi-Eng&files=Chinese%20Phonetics%20(Ch-En)%20(BGL).7z|Chinese Phonetics (Ch-En) (BGL)|104 KB
https://cloud.freemdict.com/index.php/s/pgKcDcbSDTCzXCs/download?path=%2FCHINESE%2FChi-Eng&files=Chinese%20Top%20Words%20%26%20Etymology%20(Zh-En)%20(MDX).zip|Chinese Top Words & Etymology (Zh-En) (MDX)|8.7 MB
https://cloud.freemdict.com/index.php/s/pgKcDcbSDTCzXCs/download?path=%2FCHINESE%2FChi-Eng&files=Chinese-English%20512%20Patent%20Dictionary.7z|Chinese-English 512 Patent Dictionary|3.6 MB
https://cloud.freemdict.com/index.php/s/pgKcDcbSDTCzXCs/download?path=%2FCHINESE%2FChi-Eng&files=Chinese-English%20Agricultural%20Nouns.7z|Chinese-English Agricultural Nouns|171 KB
https://cloud.freemdict.com/index.php/s/pgKcDcbSDTCzXCs/download?path=%2FCHINESE%2FChi-Eng&files=Chinese-English%20Architecture%20Dictionary.7z|Chinese-English Architecture Dictionary|2.6 MB
https://cloud.freemdict.com/index.php/s/pgKcDcbSDTCzXCs/download?path=%2FCHINESE%2FChi-Eng&files=Chinese-English%20Astronomical%20Terms.7z|Chinese-English Astronomical Terms|142 KB
https://cloud.freemdict.com/index.php/s/pgKcDcbSDTCzXCs/download?path=%2FCHINESE%2FChi-Eng&files=Chinese-English%20Automation%20Nouns.7z|Chinese-English Automation Nouns|51 KB
https://cloud.freemdict.com/index.php/s/pgKcDcbSDTCzXCs/download?path=%2FCHINESE%2FChi-Eng&files=Chinese-English%20Automobile%20Dictionary.7z|Chinese-English Automobile Dictionary|756 KB
https://cloud.freemdict.com/index.php/s/pgKcDcbSDTCzXCs/download?path=%2FCHINESE%2FChi-Eng&files=Chinese-English%20Aviation%20Dictionary.7z|Chinese-English Aviation Dictionary|1.7 MB
https://cloud.freemdict.com/index.php/s/pgKcDcbSDTCzXCs/download?path=%2FCHINESE%2FChi-Eng&files=Chinese-English%20Biochemical%20Terms.7z|Chinese-English Biochemical Terms|63 KB
https://cloud.freemdict.com/index.php/s/pgKcDcbSDTCzXCs/download?path=%2FCHINESE%2FChi-Eng&files=Chinese-English%20Biophysical%20Terms.7z|Chinese-English Biophysical Terms|23 KB
https://cloud.freemdict.com/index.php/s/pgKcDcbSDTCzXCs/download?path=%2FCHINESE%2FChi-Eng&files=Chinese-English%20Botanical%20Terms.7z|Chinese-English Botanical Terms|84 KB
https://cloud.freemdict.com/index.php/s/pgKcDcbSDTCzXCs/download?path=%2FCHINESE%2FChi-Eng&files=Chinese-English%20Broadcasting%20Dictionary.7z|Chinese-English Broadcasting Dictionary|731 KB
https://cloud.freemdict.com/index.php/s/pgKcDcbSDTCzXCs/download?path=%2FCHINESE%2FChi-Eng&files=Chinese-English%20Business%20Dictionary.7z|Chinese-English Business Dictionary|2.6 MB
https://cloud.freemdict.com/index.php/s/pgKcDcbSDTCzXCs/download?path=%2FCHINESE%2FChi-Eng&files=Chinese-English%20Chemical%20Engineering%20Terms.7z|Chinese-English Chemical Engineering Terms|61 KB
https://cloud.freemdict.com/index.php/s/pgKcDcbSDTCzXCs/download?path=%2FCHINESE%2FChi-Eng&files=Chinese-English%20Chemical%20Terms.7z|Chinese-English Chemical Terms|263 KB
https://cloud.freemdict.com/index.php/s/pgKcDcbSDTCzXCs/download?path=%2FCHINESE%2FChi-Eng&files=Chinese-English%20Coal%20Science%20and%20Technology%20Terms.7z|Chinese-English Coal Science and Technology Terms|261 KB
https://cloud.freemdict.com/index.php/s/pgKcDcbSDTCzXCs/download?path=%2FCHINESE%2FChi-Eng&files=Chinese-English%20Computer%20Dictionary.7z|Chinese-English Computer Dictionary|5.5 MB
https://cloud.freemdict.com/index.php/s/pgKcDcbSDTCzXCs/download?path=%2FCHINESE%2FChi-Eng&files=Chinese-English%20Computer%20Nouns.7z|Chinese-English Computer Nouns|238 KB
https://cloud.freemdict.com/index.php/s/pgKcDcbSDTCzXCs/download?path=%2FCHINESE%2FChi-Eng&files=Chinese-English%20Dictionary%20(3rd%20ed.)%20(MDX).zip|Chinese-English Dictionary (3rd ed.) (MDX)|24.4 MB
https://cloud.freemdict.com/index.php/s/pgKcDcbSDTCzXCs/download?path=%2FCHINESE%2FChi-Eng&files=Chinese-English%20Dictionary%20(Ideographs).7z|Chinese-English Dictionary (Ideographs)|1.3 MB
https://cloud.freemdict.com/index.php/s/pgKcDcbSDTCzXCs/download?path=%2FCHINESE%2FChi-Eng&files=Chinese-English%20Dictionary%20(T)%20Traditional%20Chinese%20Version.7z|Chinese-English Dictionary (T) Traditional Chinese Version|254 KB
https://cloud.freemdict.com/index.php/s/pgKcDcbSDTCzXCs/download?path=%2FCHINESE%2FChi-Eng&files=Chinese-English%20Dictionary%20(Zh-En)%201.0.zip|Chinese-English Dictionary (Zh-En) 1.0|626 KB
https://cloud.freemdict.com/index.php/s/pgKcDcbSDTCzXCs/download?path=%2FCHINESE%2FChi-Eng&files=Chinese-English%20Dictionary%20for%20Accountants.7z|Chinese-English Dictionary for Accountants|1.5 MB
https://cloud.freemdict.com/index.php/s/pgKcDcbSDTCzXCs/download?path=%2FCHINESE%2FChi-Eng&files=Chinese-English%20Dictionary%20HanYing%20DaCidian%20-%20Sapomaro.7z|Chinese-English Dictionary HanYing DaCidian - Sapomaro|11.8 MB
https://cloud.freemdict.com/index.php/s/pgKcDcbSDTCzXCs/download?path=%2FCHINESE%2FChi-Eng&files=Chinese-English%20Dictionary%20of%20Chemistry.7z|Chinese-English Dictionary of Chemistry|5.6 MB
https://cloud.freemdict.com/index.php/s/pgKcDcbSDTCzXCs/download?path=%2FCHINESE%2FChi-Eng&files=Chinese-English%20Dictionary%20of%20Chinese%20Culture%20(MDX).7z|Chinese-English Dictionary of Chinese Culture (MDX)|1.7 MB
https://cloud.freemdict.com/index.php/s/pgKcDcbSDTCzXCs/download?path=%2FCHINESE%2FChi-Eng&files=Chinese-English%20Dictionary%20of%20Chinese%20Idioms%20and%20Phrases%20(MDX).7z|Chinese-English Dictionary of Chinese Idioms and Phrases (MDX)|2.4 MB
https://cloud.freemdict.com/index.php/s/pgKcDcbSDTCzXCs/download?path=%2FCHINESE%2FChi-Eng&files=Chinese-English%20Dictionary%20of%20Chinese%20Literature%20(MDX).7z|Chinese-English Dictionary of Chinese Literature (MDX)|1.7 MB
https://cloud.freemdict.com/index.php/s/pgKcDcbSDTCzXCs/download?path=%2FCHINESE%2FChi-Eng&files=Chinese-English%20Dictionary%20of%20Current%20and%20Foreign%20Affairs%20(MDX).7z|Chinese-English Dictionary of Current and Foreign Affairs (MDX)|4.4 MB
https://cloud.freemdict.com/index.php/s/pgKcDcbSDTCzXCs/download?path=%2FCHINESE%2FChi-Eng&files=Chinese-English%20Dictionary%20of%20Electric%20Power.7z|Chinese-English Dictionary of Electric Power|959 KB
https://cloud.freemdict.com/index.php/s/pgKcDcbSDTCzXCs/download?path=%2FCHINESE%2FChi-Eng&files=Chinese-English%20Dictionary%20of%20Farming%2C%20Animal%20Husbandry%20and%20Forestry.7z|Chinese-English Dictionary of Farming, Animal Husbandry and Forestry|4.8 MB
https://cloud.freemdict.com/index.php/s/pgKcDcbSDTCzXCs/download?path=%2FCHINESE%2FChi-Eng&files=Chinese-English%20Dictionary%20of%20Idioms%20with%20Examples.7z|Chinese-English Dictionary of Idioms with Examples|4.4 MB
https://cloud.freemdict.com/index.php/s/pgKcDcbSDTCzXCs/download?path=%2FCHINESE%2FChi-Eng&files=Chinese-English%20Dictionary%20of%20Medical%20New%20Words.7z|Chinese-English Dictionary of Medical New Words|120 KB
https://cloud.freemdict.com/index.php/s/pgKcDcbSDTCzXCs/download?path=%2FCHINESE%2FChi-Eng&files=Chinese-English%20Dictionary%20of%20Metallurgy.7z|Chinese-English Dictionary of Metallurgy|3.3 MB
https://cloud.freemdict.com/index.php/s/pgKcDcbSDTCzXCs/download?path=%2FCHINESE%2FChi-Eng&files=Chinese-English%20Dictionary%20of%20Modern%20Business.7z|Chinese-English Dictionary of Modern Business|2.6 MB
https://cloud.freemdict.com/index.php/s/pgKcDcbSDTCzXCs/download?path=%2FCHINESE%2FChi-Eng&files=Chinese-English%20Dictionary%20of%20Religious%20Terms.7z|Chinese-English Dictionary of Religious Terms|57 KB
https://cloud.freemdict.com/index.php/s/pgKcDcbSDTCzXCs/download?path=%2FCHINESE%2FChi-Eng&files=Chinese-English%20Dictionary%20of%20Traditional%20Chinese%20Medicine.7z|Chinese-English Dictionary of Traditional Chinese Medicine|1.5 MB
https://cloud.freemdict.com/index.php/s/pgKcDcbSDTCzXCs/download?path=%2FCHINESE%2FChi-Eng&files=Chinese-English%20Dictionary%20of%20Traditional%20Chinese%20Medicine%20(MDX).7z|Chinese-English Dictionary of Traditional Chinese Medicine (MDX)|1.4 MB
https://cloud.freemdict.com/index.php/s/pgKcDcbSDTCzXCs/download?path=%2FCHINESE%2FChi-Eng&files=Chinese-English%20Dictionary%20Unabridged%20(MDX).rar|Chinese-English Dictionary Unabridged (MDX)|1,009.7 MB
https://cloud.freemdict.com/index.php/s/pgKcDcbSDTCzXCs/download?path=%2FCHINESE%2FChi-Eng&files=Chinese-English%20Dictionary%20with%20Pinyin.7z|Chinese-English Dictionary with Pinyin|985 KB
https://cloud.freemdict.com/index.php/s/pgKcDcbSDTCzXCs/download?path=%2FCHINESE%2FChi-Eng&files=Chinese-English%20Electrical%20Nouns.7z|Chinese-English Electrical Nouns|197 KB
https://cloud.freemdict.com/index.php/s/pgKcDcbSDTCzXCs/download?path=%2FCHINESE%2FChi-Eng&files=Chinese-English%20Electronic%20Terms.7z|Chinese-English Electronic Terms|150 KB
https://cloud.freemdict.com/index.php/s/pgKcDcbSDTCzXCs/download?path=%2FCHINESE%2FChi-Eng&files=Chinese-English%20Embryological%20Terms.7z|Chinese-English Embryological Terms|33 KB
https://cloud.freemdict.com/index.php/s/pgKcDcbSDTCzXCs/download?path=%2FCHINESE%2FChi-Eng&files=Chinese-English%20Energy%20Dictionary.7z|Chinese-English Energy Dictionary|1.8 MB
https://cloud.freemdict.com/index.php/s/pgKcDcbSDTCzXCs/download?path=%2FCHINESE%2FChi-Eng&files=Chinese-English%20Entomological%20Terms.7z|Chinese-English Entomological Terms|124 KB
https://cloud.freemdict.com/index.php/s/pgKcDcbSDTCzXCs/download?path=%2FCHINESE%2FChi-Eng&files=Chinese-English%20Environmental%20Dictionary.7z|Chinese-English Environmental Dictionary|1.6 MB
https://cloud.freemdict.com/index.php/s/pgKcDcbSDTCzXCs/download?path=%2FCHINESE%2FChi-Eng&files=Chinese-English%20Firefighting%20Dictionary.7z|Chinese-English Firefighting Dictionary|581 KB
https://cloud.freemdict.com/index.php/s/pgKcDcbSDTCzXCs/download?path=%2FCHINESE%2FChi-Eng&files=Chinese-English%20Frequency%20Dictionary%20(MDX).zip|Chinese-English Frequency Dictionary (MDX)|6.8 MB
https://cloud.freemdict.com/index.php/s/pgKcDcbSDTCzXCs/download?path=%2FCHINESE%2FChi-Eng&files=Chinese-English%20Genetics%20Terms.7z|Chinese-English Genetics Terms|49 KB
https://cloud.freemdict.com/index.php/s/pgKcDcbSDTCzXCs/download?path=%2FCHINESE%2FChi-Eng&files=Chinese-English%20Geographical%20%D0%A2erms.7z|Chinese-English Geographical Тerms|37 KB
https://cloud.freemdict.com/index.php/s/pgKcDcbSDTCzXCs/download?path=%2FCHINESE%2FChi-Eng&files=Chinese-English%20Geological%20Dictionary.7z|Chinese-English Geological Dictionary|3.6 MB
https://cloud.freemdict.com/index.php/s/pgKcDcbSDTCzXCs/download?path=%2FCHINESE%2FChi-Eng&files=Chinese-English%20Geological%20Terms.7z|Chinese-English Geological Terms|100 KB
https://cloud.freemdict.com/index.php/s/pgKcDcbSDTCzXCs/download?path=%2FCHINESE%2FChi-Eng&files=Chinese-English%20Highway%20Science%20and%20Technology%20Terms.7z|Chinese-English Highway Science and Technology Terms|129 KB
https://cloud.freemdict.com/index.php/s/pgKcDcbSDTCzXCs/download?path=%2FCHINESE%2FChi-Eng&files=Chinese-English%20Histological%20Terms.7z|Chinese-English Histological Terms|49 KB
https://cloud.freemdict.com/index.php/s/pgKcDcbSDTCzXCs/download?path=%2FCHINESE%2FChi-Eng&files=Chinese-English%20Idiom%20Dictionary%20%5BZH(T)-EN%5D%20(MDX).zip|Chinese-English Idiom Dictionary [ZH(T)-EN] (MDX)|66 KB
https://cloud.freemdict.com/index.php/s/pgKcDcbSDTCzXCs/download?path=%2FCHINESE%2FChi-Eng&files=Chinese-English%20Law%20Dictionary.7z|Chinese-English Law Dictionary|1.7 MB
https://cloud.freemdict.com/index.php/s/pgKcDcbSDTCzXCs/download?path=%2FCHINESE%2FChi-Eng&files=Chinese-English%20Lin%20Xue%20Nouns.7z|Chinese-English Lin Xue Nouns|61 KB
https://cloud.freemdict.com/index.php/s/pgKcDcbSDTCzXCs/download?path=%2FCHINESE%2FChi-Eng&files=Chinese-English%20Marine%20Science%20Terms.7z|Chinese-English Marine Science Terms|42 KB
https://cloud.freemdict.com/index.php/s/pgKcDcbSDTCzXCs/download?path=%2FCHINESE%2FChi-Eng&files=Chinese-English%20Mathematical%20Terms.7z|Chinese-English Mathematical Terms|223 KB
https://cloud.freemdict.com/index.php/s/pgKcDcbSDTCzXCs/download?path=%2FCHINESE%2FChi-Eng&files=Chinese-English%20Mechanical%20Dictionary.7z|Chinese-English Mechanical Dictionary|5.1 MB
https://cloud.freemdict.com/index.php/s/pgKcDcbSDTCzXCs/download?path=%2FCHINESE%2FChi-Eng&files=Chinese-English%20Mechanical%20Engineering%20Terms.7z|Chinese-English Mechanical Engineering Terms|186 KB
https://cloud.freemdict.com/index.php/s/pgKcDcbSDTCzXCs/download?path=%2FCHINESE%2FChi-Eng&files=Chinese-English%20Mechanics%20Terms.7z|Chinese-English Mechanics Terms|69 KB
https://cloud.freemdict.com/index.php/s/pgKcDcbSDTCzXCs/download?path=%2FCHINESE%2FChi-Eng&files=Chinese-English%20Medical%20Dictionary.7z|Chinese-English Medical Dictionary|4.2 MB
https://cloud.freemdict.com/index.php/s/pgKcDcbSDTCzXCs/download?path=%2FCHINESE%2FChi-Eng&files=Chinese-English%20Medical%20Terminology.7z|Chinese-English Medical Terminology|132 KB
https://cloud.freemdict.com/index.php/s/pgKcDcbSDTCzXCs/download?path=%2FCHINESE%2FChi-Eng&files=Chinese-English%20Metallurgical%20Terms.7z|Chinese-English Metallurgical Terms|135 KB
https://cloud.freemdict.com/index.php/s/pgKcDcbSDTCzXCs/download?path=%2FCHINESE%2FChi-Eng&files=Chinese-English%20Microbiological%20Terms.7z|Chinese-English Microbiological Terms|39 KB
https://cloud.freemdict.com/index.php/s/pgKcDcbSDTCzXCs/download?path=%2FCHINESE%2FChi-Eng&files=Chinese-English%20Nautical%20Science%20and%20Technology%20Terms.7z|Chinese-English Nautical Science and Technology Terms|134 KB
https://cloud.freemdict.com/index.php/s/pgKcDcbSDTCzXCs/download?path=%2FCHINESE%2FChi-Eng&files=Chinese-English%20Navigation%20Dictionary.7z|Chinese-English Navigation Dictionary|3.3 MB
https://cloud.freemdict.com/index.php/s/pgKcDcbSDTCzXCs/download?path=%2FCHINESE%2FChi-Eng&files=Chinese-English%20Nouns.7z|Chinese-English Nouns|57 KB
https://cloud.freemdict.com/index.php/s/pgKcDcbSDTCzXCs/download?path=%2FCHINESE%2FChi-Eng&files=Chinese-English%20Nouns%20in%20Mechanics.7z|Chinese-English Nouns in Mechanics|62 KB
https://cloud.freemdict.com/index.php/s/pgKcDcbSDTCzXCs/download?path=%2FCHINESE%2FChi-Eng&files=Chinese-English%20Paleontological%20Terms.7z|Chinese-English Paleontological Terms|36 KB
https://cloud.freemdict.com/index.php/s/pgKcDcbSDTCzXCs/download?path=%2FCHINESE%2FChi-Eng&files=Chinese-English%20Papermaking%20Dictionary.7z|Chinese-English Papermaking Dictionary|656 KB
https://cloud.freemdict.com/index.php/s/pgKcDcbSDTCzXCs/download?path=%2FCHINESE%2FChi-Eng&files=Chinese-English%20Petroleum%20Dictionary.7z|Chinese-English Petroleum Dictionary|3.5 MB
https://cloud.freemdict.com/index.php/s/pgKcDcbSDTCzXCs/download?path=%2FCHINESE%2FChi-Eng&files=Chinese-English%20Petroleum%20Nouns.7z|Chinese-English Petroleum Nouns|225 KB
https://cloud.freemdict.com/index.php/s/pgKcDcbSDTCzXCs/download?path=%2FCHINESE%2FChi-Eng&files=Chinese-English%20Pharmaceutical%20Terms.7z|Chinese-English Pharmaceutical Terms|105 KB
https://cloud.freemdict.com/index.php/s/pgKcDcbSDTCzXCs/download?path=%2FCHINESE%2FChi-Eng&files=Chinese-English%20Phonetic%20Dictionary.7z|Chinese-English Phonetic Dictionary|1.3 MB
https://cloud.freemdict.com/index.php/s/pgKcDcbSDTCzXCs/download?path=%2FCHINESE%2FChi-Eng&files=Chinese-English%20Physics%20Terms.7z|Chinese-English Physics Terms|64 KB
https://cloud.freemdict.com/index.php/s/pgKcDcbSDTCzXCs/download?path=%2FCHINESE%2FChi-Eng&files=Chinese-English%20Physiological%20Terms.7z|Chinese-English Physiological Terms|51 KB
https://cloud.freemdict.com/index.php/s/pgKcDcbSDTCzXCs/download?path=%2FCHINESE%2FChi-Eng&files=Chinese-English%20Psychological%20Terms.7z|Chinese-English Psychological Terms|142 KB
https://cloud.freemdict.com/index.php/s/pgKcDcbSDTCzXCs/download?path=%2FCHINESE%2FChi-Eng&files=Chinese-English%20Railway%20Science%20and%20Technology%20Terms.7z|Chinese-English Railway Science and Technology Terms|199 KB
https://cloud.freemdict.com/index.php/s/pgKcDcbSDTCzXCs/download?path=%2FCHINESE%2FChi-Eng&files=Chinese-English%20Ship%20Engineering%20Terms.7z|Chinese-English Ship Engineering Terms|100 KB
https://cloud.freemdict.com/index.php/s/pgKcDcbSDTCzXCs/download?path=%2FCHINESE%2FChi-Eng&files=Chinese-English%20Shipping%20Dictionary.7z|Chinese-English Shipping Dictionary|3.2 MB
https://cloud.freemdict.com/index.php/s/pgKcDcbSDTCzXCs/download?path=%2FCHINESE%2FChi-Eng&files=Chinese-English%20Soil%20Science%20Terms.7z|Chinese-English Soil Science Terms|186 KB
https://cloud.freemdict.com/index.php/s/pgKcDcbSDTCzXCs/download?path=%2FCHINESE%2FChi-Eng&files=Chinese-English%20Sports%20Dictionary.7z|Chinese-English Sports Dictionary|985 KB
https://cloud.freemdict.com/index.php/s/pgKcDcbSDTCzXCs/download?path=%2FCHINESE%2FChi-Eng&files=Chinese-English%20Telecommunications%20Dictionary.7z|Chinese-English Telecommunications Dictionary|3.5 MB
https://cloud.freemdict.com/index.php/s/pgKcDcbSDTCzXCs/download?path=%2FCHINESE%2FChi-Eng&files=Chinese-English%20Terminology%20of%20Architecture%2C%20Gardens%20and%20Urban%20Planning.7z|Chinese-English Terminology of Architecture, Gardens and Urban Planning|108 KB
https://cloud.freemdict.com/index.php/s/pgKcDcbSDTCzXCs/download?path=%2FCHINESE%2FChi-Eng&files=Chinese-English%20Terminology%20of%20Atmospheric%20Sciences.7z|Chinese-English Terminology of Atmospheric Sciences|127 KB
https://cloud.freemdict.com/index.php/s/pgKcDcbSDTCzXCs/download?path=%2FCHINESE%2FChi-Eng&files=Chinese-English%20Terminology%20of%20Cell%20Biology.7z|Chinese-English Terminology of Cell Biology|38 KB
https://cloud.freemdict.com/index.php/s/pgKcDcbSDTCzXCs/download?path=%2FCHINESE%2FChi-Eng&files=Chinese-English%20Terminology%20of%20Geophysics.7z|Chinese-English Terminology of Geophysics|41 KB
https://cloud.freemdict.com/index.php/s/pgKcDcbSDTCzXCs/download?path=%2FCHINESE%2FChi-Eng&files=Chinese-English%20Terms%20of%20Human%20Anatomy.7z|Chinese-English Terms of Human Anatomy|127 KB
https://cloud.freemdict.com/index.php/s/pgKcDcbSDTCzXCs/download?path=%2FCHINESE%2FChi-Eng&files=Chinese-English%20Terms%20of%20Surveying%20and%20Mapping.7z|Chinese-English Terms of Surveying and Mapping|148 KB
https://cloud.freemdict.com/index.php/s/pgKcDcbSDTCzXCs/download?path=%2FCHINESE%2FChi-Eng&files=Chinese-English%20Terms%20of%20Water%20Conservancy%20Science%20and%20Technology.7z|Chinese-English Terms of Water Conservancy Science and Technology|81 KB
https://cloud.freemdict.com/index.php/s/pgKcDcbSDTCzXCs/download?path=%2FCHINESE%2FChi-Eng&files=Chinese-English%20Textile%20Dictionary.7z|Chinese-English Textile Dictionary|1.7 MB
https://cloud.freemdict.com/index.php/s/pgKcDcbSDTCzXCs/download?path=%2FCHINESE%2FChi-Eng&files=Chinese-English%20Trade%20Dictionary.7z|Chinese-English Trade Dictionary|2.7 MB
https://cloud.freemdict.com/index.php/s/pgKcDcbSDTCzXCs/download?path=%2FCHINESE%2FChi-Eng&files=Chinese-English%20Vocabulary%20for%20Import%20and%20Export%20Commodities.7z|Chinese-English Vocabulary for Import and Export Commodities|3.2 MB
https://cloud.freemdict.com/index.php/s/pgKcDcbSDTCzXCs/download?path=%2FCHINESE%2FChi-Eng&files=Chinese-English%20Water%20Conservancy%20Dictionary.7z|Chinese-English Water Conservancy Dictionary|2.5 MB
https://cloud.freemdict.com/index.php/s/pgKcDcbSDTCzXCs/download?path=%2FCHINESE%2FChi-Eng&files=Chinese-English%20Water%20Conservancy%20Science%20and%20Technology%20Terms.7z|Chinese-English Water Conservancy Science and Technology Terms|237 KB
https://cloud.freemdict.com/index.php/s/pgKcDcbSDTCzXCs/download?path=%2FCHINESE%2FChi-Eng&files=Chinese-English%20Wiktionary.7z|Chinese-English Wiktionary|4.2 MB
https://cloud.freemdict.com/index.php/s/pgKcDcbSDTCzXCs/download?path=%2FCHINESE%2FChi-Eng&files=Chinese-English%20Zoological%20Terms.7z|Chinese-English Zoological Terms|160 KB
https://cloud.freemdict.com/index.php/s/pgKcDcbSDTCzXCs/download?path=%2FCHINESE%2FChi-Eng&files=Concise%20Chinese-English%20Dictionary.7z|Concise Chinese-English Dictionary|3 MB
https://cloud.freemdict.com/index.php/s/pgKcDcbSDTCzXCs/download?path=%2FCHINESE%2FChi-Eng&files=Concise%20Chinese-English%20Dictionary%20of%20Traditional%20Chinese%20Medicine%20(MDX).7z|Concise Chinese-English Dictionary of Traditional Chinese Medicine (MDX)|2.1 MB
https://cloud.freemdict.com/index.php/s/pgKcDcbSDTCzXCs/download?path=%2FCHINESE%2FChi-Eng&files=Dictionary%20of%20Astronomical%20Terms%20(En-Ch%20-%20Ch-En)%20(MDX).7z|Dictionary of Astronomical Terms (En-Ch - Ch-En) (MDX)|947 KB
https://cloud.freemdict.com/index.php/s/pgKcDcbSDTCzXCs/download?path=%2FCHINESE%2FChi-Eng&files=Dictionary%20of%20Buddhist%20Terms%20(En-Ch-En).7z|Dictionary of Buddhist Terms (En-Ch-En)|301 KB
https://cloud.freemdict.com/index.php/s/pgKcDcbSDTCzXCs/download?path=%2FCHINESE%2FChi-Eng&files=Dictionary%20of%20Chinese%20Characters%20with%20English%20Interpretations%20(MDX).7z|Dictionary of Chinese Characters with English Interpretations (MDX)|7.1 MB
https://cloud.freemdict.com/index.php/s/pgKcDcbSDTCzXCs/download?path=%2FCHINESE%2FChi-Eng&files=Dictionary%20of%20New%20Chinese%20Words%20for%20Foreigners%20(Ch-En-Ch)%20(MDX).7z|Dictionary of New Chinese Words for Foreigners (Ch-En-Ch) (MDX)|61.7 MB
https://cloud.freemdict.com/index.php/s/pgKcDcbSDTCzXCs/download?path=%2FCHINESE%2FChi-Eng&files=Dong%20Chinese%20Lexicon%20%5BZH-EN%5D%20(MDX).zip|Dong Chinese Lexicon [ZH-EN] (MDX)|935 KB
https://cloud.freemdict.com/index.php/s/pgKcDcbSDTCzXCs/download?path=%2FCHINESE%2FChi-Eng&files=Dr.%20Eye%204%20in%201%20English-Chinese%20-%20Chinese-English%20Dictionary.7z|Dr. Eye 4 in 1 English-Chinese - Chinese-English Dictionary|12.7 MB
https://cloud.freemdict.com/index.php/s/pgKcDcbSDTCzXCs/download?path=%2FCHINESE%2FChi-Eng&files=Dr.%20Eye%204-in-1%20English-Chinese-Chinese-English%20Dictionary%20(MDX).7z|Dr. Eye 4-in-1 English-Chinese-Chinese-English Dictionary (MDX)|14.9 MB
https://cloud.freemdict.com/index.php/s/pgKcDcbSDTCzXCs/download?path=%2FCHINESE%2FChi-Eng&files=Dr.%20Eye%205%20in%201%20English-Chinese%20-%20Chinese-English%20Dictionary.7z|Dr. Eye 5 in 1 English-Chinese - Chinese-English Dictionary|12.2 MB
https://cloud.freemdict.com/index.php/s/pgKcDcbSDTCzXCs/download?path=%2FCHINESE%2FChi-Eng&files=English-Chinese%20-%20Chinese-English%20Accounting%20and%20Financial%20Dictionary%20(MDX).7z|English-Chinese - Chinese-English Accounting and Financial Dictionary (MDX)|741 KB
https://cloud.freemdict.com/index.php/s/pgKcDcbSDTCzXCs/download?path=%2FCHINESE%2FChi-Eng&files=English-Chinese%20-%20Chinese-English%20Glossary%20of%20Traditional%20Chinese%20Medicine%20(MDX).7z|English-Chinese - Chinese-English Glossary of Traditional Chinese Medicine (MDX)|357 KB
https://cloud.freemdict.com/index.php/s/pgKcDcbSDTCzXCs/download?path=%2FCHINESE%2FChi-Eng&files=English-Chinese%20-%20Chinese-English%20Medical%20Dictionary%20(MDX).zip|English-Chinese - Chinese-English Medical Dictionary (MDX)|73.9 MB
https://cloud.freemdict.com/index.php/s/pgKcDcbSDTCzXCs/download?path=%2FCHINESE%2FChi-Eng&files=English-Chinese%20-%20Chinese-English%20Professional%20Dictionary.7z|English-Chinese - Chinese-English Professional Dictionary|7.2 MB
https://cloud.freemdict.com/index.php/s/pgKcDcbSDTCzXCs/download?path=%2FCHINESE%2FChi-Eng&files=English-Chinese%20and%20Chinese-English%20Dictionary%20of%20Chemistry%20(MDX).7z|English-Chinese and Chinese-English Dictionary of Chemistry (MDX)|6.7 MB
https://cloud.freemdict.com/index.php/s/pgKcDcbSDTCzXCs/download?path=%2FCHINESE%2FChi-Eng&files=English-Chinese%20Chinese-English%20Correlative%20Dictionary%20of%20Drug%20Names%20(MDX).7z|English-Chinese Chinese-English Correlative Dictionary of Drug Names (MDX)|3.5 MB
https://cloud.freemdict.com/index.php/s/pgKcDcbSDTCzXCs/download?path=%2FCHINESE%2FChi-Eng&files=English-Chinese%20Chinese-English%20Dictionary%20of%20Physics%20(MDX).7z|English-Chinese Chinese-English Dictionary of Physics (MDX)|614 KB
https://cloud.freemdict.com/index.php/s/pgKcDcbSDTCzXCs/download?path=%2FCHINESE%2FChi-Eng&files=English-Chinese%20Chinese-English%20Medical%20Dictionary%20(MDX).7z|English-Chinese Chinese-English Medical Dictionary (MDX)|66.9 MB
https://cloud.freemdict.com/index.php/s/pgKcDcbSDTCzXCs/download?path=%2FCHINESE%2FChi-Eng&files=English-Chinese%20Chinese-English%20Medical%20Glossary%20Handbook%20(MDX).7z|English-Chinese Chinese-English Medical Glossary Handbook (MDX)|401 KB
https://cloud.freemdict.com/index.php/s/pgKcDcbSDTCzXCs/download?path=%2FCHINESE%2FChi-Eng&files=English-Chinese%20Chinese-English%20Pharmacy%20Glossary%20Handbook%20(MDX).7z|English-Chinese Chinese-English Pharmacy Glossary Handbook (MDX)|330 KB
https://cloud.freemdict.com/index.php/s/pgKcDcbSDTCzXCs/download?path=%2FCHINESE%2FChi-Eng&files=English-Chinese%20Chinese-English%20Water%20Conservancy%20Dictionary%20(MDX).7z|English-Chinese Chinese-English Water Conservancy Dictionary (MDX)|5 MB
https://cloud.freemdict.com/index.php/s/pgKcDcbSDTCzXCs/download?path=%2FCHINESE%2FChi-Eng&files=English-Chinese%20Dual-Interpretation%20Computer%20Dictionary%20(En-Zh-En).7z|English-Chinese Dual-Interpretation Computer Dictionary (En-Zh-En)|3.5 MB
https://cloud.freemdict.com/index.php/s/pgKcDcbSDTCzXCs/download?path=%2FCHINESE%2FChi-Eng&files=Etymological%20Dictionary%20of%20Han%20-%20Chinese%20Characters%20(Zh-En)%201.0.7z|Etymological Dictionary of Han - Chinese Characters (Zh-En) 1.0|915 KB
https://cloud.freemdict.com/index.php/s/pgKcDcbSDTCzXCs/download?path=%2FCHINESE%2FChi-Eng&files=Etymological%20Dictionary%20of%20Han%20Chinese%20Characters%20%5BZH(T)-EN%20%26%20JA-EN%5D%20(MDX).zip|Etymological Dictionary of Han Chinese Characters [ZH(T)-EN & JA-EN] (MDX)|554 KB
https://cloud.freemdict.com/index.php/s/pgKcDcbSDTCzXCs/download?path=%2FCHINESE%2FChi-Eng&files=Free%20Chinese-English%20Dictionaries%20(MDX).7z|Free Chinese-English Dictionaries (MDX)|4 MB
https://cloud.freemdict.com/index.php/s/pgKcDcbSDTCzXCs/download?path=%2FCHINESE%2FChi-Eng&files=Freelang%20Chinese-English%20Dictionary%20(DCT).7z|Freelang Chinese-English Dictionary (DCT)|1 MB
https://cloud.freemdict.com/index.php/s/pgKcDcbSDTCzXCs/download?path=%2FCHINESE%2FChi-Eng&files=Gillis%20Chinese-English%20Dictionary%20(1912)%20%5BZH(T)-EN%5D%20(MDX).zip|Gillis Chinese-English Dictionary (1912) [ZH(T)-EN] (MDX)|965.5 MB
https://cloud.freemdict.com/index.php/s/pgKcDcbSDTCzXCs/download?path=%2FCHINESE%2FChi-Eng&files=Glossary%20of%20English-Chinese%20Two-way%20Securities%20Financial%20Terms%20(En-Ch%20-%20Ch-En)%20(MDX).7z|Glossary of English-Chinese Two-way Securities Financial Terms (En-Ch - Ch-En) (MDX)|191 KB
https://cloud.freemdict.com/index.php/s/pgKcDcbSDTCzXCs/download?path=%2FCHINESE%2FChi-Eng&files=Glossary%20of%20Kumarajiva%20Translation%20of%20the%20Lotus%20Sutra%20(Ch-En).7z|Glossary of Kumarajiva Translation of the Lotus Sutra (Ch-En)|677 KB
https://cloud.freemdict.com/index.php/s/pgKcDcbSDTCzXCs/download?path=%2FCHINESE%2FChi-Eng&files=HanYing%20Da%20Cidian%20(Ch-En).7z|HanYing Da Cidian (Ch-En)|19.1 MB
https://cloud.freemdict.com/index.php/s/pgKcDcbSDTCzXCs/download?path=%2FCHINESE%2FChi-Eng&files=Hanzi%20Master%201.3.7z|Hanzi Master 1.3|332 KB
https://cloud.freemdict.com/index.php/s/pgKcDcbSDTCzXCs/download?path=%2FCHINESE%2FChi-Eng&files=KD%20Basic%20Chinese(Traditional)-English%20Dictionary.7z|KD Basic Chinese(Traditional)-English Dictionary|912 KB
https://cloud.freemdict.com/index.php/s/pgKcDcbSDTCzXCs/download?path=%2FCHINESE%2FChi-Eng&files=Kingsoft%20Bidirectional%20Dictionary%20(En-Ch-En).7z|Kingsoft Bidirectional Dictionary (En-Ch-En)|13.4 MB
https://cloud.freemdict.com/index.php/s/pgKcDcbSDTCzXCs/download?path=%2FCHINESE%2FChi-Eng&files=Kingsoft%20English-Chinese%20-%20Chinese-English%20Chemistry%20Dictionary%20(MDX).7z|Kingsoft English-Chinese - Chinese-English Chemistry Dictionary (MDX)|11.9 MB
https://cloud.freemdict.com/index.php/s/pgKcDcbSDTCzXCs/download?path=%2FCHINESE%2FChi-Eng&files=Kingsoft%20English-Chinese%20-%20Chinese-English%20Textile%20Dictionary%20(MDX).7z|Kingsoft English-Chinese - Chinese-English Textile Dictionary (MDX)|1.7 MB
https://cloud.freemdict.com/index.php/s/pgKcDcbSDTCzXCs/download?path=%2FCHINESE%2FChi-Eng&files=Langdao%20Chinese-English%20Big%20Dictionary.7z|Langdao Chinese-English Big Dictionary|6.1 MB
https://cloud.freemdict.com/index.php/s/pgKcDcbSDTCzXCs/download?path=%2FCHINESE%2FChi-Eng&files=Langdao%20Chinese-English%20Dictionary%205.0%20(%D0%9A%D0%9D%D0%A0).7z|Langdao Chinese-English Dictionary 5.0 (КНР)|12.3 MB
https://cloud.freemdict.com/index.php/s/pgKcDcbSDTCzXCs/download?path=%2FCHINESE%2FChi-Eng&files=Lazy%20Worm%20Chinese-English%20Dictionary.7z|Lazy Worm Chinese-English Dictionary|2.9 MB
https://cloud.freemdict.com/index.php/s/pgKcDcbSDTCzXCs/download?path=%2FCHINESE%2FChi-Eng&files=LDC%20Chinese-English%20Translation%20Lexicon.7z|LDC Chinese-English Translation Lexicon|920 KB
https://cloud.freemdict.com/index.php/s/pgKcDcbSDTCzXCs/download?path=%2FCHINESE%2FChi-Eng&files=LDC%20Chinese-English%20Translation%20Lexicon%20(MDX).7z|LDC Chinese-English Translation Lexicon (MDX)|1.1 MB
https://cloud.freemdict.com/index.php/s/pgKcDcbSDTCzXCs/download?path=%2FCHINESE%2FChi-Eng&files=Legal%20Dictionary%20Collection%20(En-Ch%20-%20Ch-En)%20(MDX).7z|Legal Dictionary Collection (En-Ch - Ch-En) (MDX)|5.6 MB
https://cloud.freemdict.com/index.php/s/pgKcDcbSDTCzXCs/download?path=%2FCHINESE%2FChi-Eng&files=Lin%20Yutang%20Contemporary%20Chinese-English%20Dictionary%20(Traditional%20and%20Simplified%20Index)%20%5BZH(T)-EN%5D%20(MDX).zip|Lin Yutang Contemporary Chinese-English Dictionary (Traditional and Simplified Index) [ZH(T)-EN] (MDX)|30 MB
https://cloud.freemdict.com/index.php/s/pgKcDcbSDTCzXCs/download?path=%2FCHINESE%2FChi-Eng&files=Make%20Me%20a%20Hanzi%20%5BZH-EN%5D%20(MDX).zip|Make Me a Hanzi [ZH-EN] (MDX)|16.6 MB
https://cloud.freemdict.com/index.php/s/pgKcDcbSDTCzXCs/download?path=%2FCHINESE%2FChi-Eng&files=Matthews%20Chinese-English%20Dictionary%20(MDX).zip|Matthews Chinese-English Dictionary (MDX)|486.1 MB
https://cloud.freemdict.com/index.php/s/pgKcDcbSDTCzXCs/download?path=%2FCHINESE%2FChi-Eng&files=MDBG%20Chinese-English%20Dictionary.7z|MDBG Chinese-English Dictionary|2.9 MB
https://cloud.freemdict.com/index.php/s/pgKcDcbSDTCzXCs/download?path=%2FCHINESE%2FChi-Eng&files=Medical%20Explanatory%20Dictionary%20(Ch-En-Ch)%20(MDX).7z|Medical Explanatory Dictionary (Ch-En-Ch) (MDX)|5 MB
https://cloud.freemdict.com/index.php/s/pgKcDcbSDTCzXCs/download?path=%2FCHINESE%2FChi-Eng&files=Medical%20Subject%20Headings%20(MeSH)%20(Ch-En)%20(MDX).7z|Medical Subject Headings (MeSH) (Ch-En) (MDX)|13.2 MB
https://cloud.freemdict.com/index.php/s/pgKcDcbSDTCzXCs/download?path=%2FCHINESE%2FChi-Eng&files=Modern%20Chinese%20Dictionary%20(Chinese-English%20Bilingual%20Version)%20(MDX).zip|Modern Chinese Dictionary (Chinese-English Bilingual Version) (MDX)|9 MB
https://cloud.freemdict.com/index.php/s/pgKcDcbSDTCzXCs/download?path=%2FCHINESE%2FChi-Eng&files=Modern%20English-Chinese%20-%20Chinese-English%20Comprehensive%20Dictionary%20(MDX).zip|Modern English-Chinese - Chinese-English Comprehensive Dictionary (MDX)|49.2 MB
https://cloud.freemdict.com/index.php/s/pgKcDcbSDTCzXCs/download?path=%2FCHINESE%2FChi-Eng&files=Morgan%20Stanley%20Financial%20English-Chinese-Chinese-English%20Bidirectional%20Glossary%20(MDX).7z|Morgan Stanley Financial English-Chinese-Chinese-English Bidirectional Glossary (MDX)|104 KB
https://cloud.freemdict.com/index.php/s/pgKcDcbSDTCzXCs/download?path=%2FCHINESE%2FChi-Eng&files=NCCE%20Chinese-English%20Technology%20Dictionary.7z|NCCE Chinese-English Technology Dictionary|11.5 MB
https://cloud.freemdict.com/index.php/s/pgKcDcbSDTCzXCs/download?path=%2FCHINESE%2FChi-Eng&files=nciku%20Chinese-English%20Dictionary.7z|nciku Chinese-English Dictionary|5.1 MB
https://cloud.freemdict.com/index.php/s/pgKcDcbSDTCzXCs/download?path=%2FCHINESE%2FChi-Eng&files=New%20Age%20Chinese-English%20Dictionary%202nd.%20ed.%20(MDX).7z|New Age Chinese-English Dictionary 2nd. ed. (MDX)|28.9 MB
https://cloud.freemdict.com/index.php/s/pgKcDcbSDTCzXCs/download?path=%2FCHINESE%2FChi-Eng&files=New%20English-Chinese-Chinese-English%20Dictionary%20(MDX).7z|New English-Chinese-Chinese-English Dictionary (MDX)|19.8 MB
https://cloud.freemdict.com/index.php/s/pgKcDcbSDTCzXCs/download?path=%2FCHINESE%2FChi-Eng&files=Niu%20Lang%20Wei%20Ke's%20Anti-Investigation%20(Zh-En)%20-%20Stardict.7z|Niu Lang Wei Ke's Anti-Investigation (Zh-En) - Stardict|75.8 MB
https://cloud.freemdict.com/index.php/s/pgKcDcbSDTCzXCs/download?path=%2FCHINESE%2FChi-Eng&files=Revised%20Chinese-English%20Dictionary%20(Zhang%20Zaixin)%20%5BZH(T)-EN%5D%20(MDX).zip|Revised Chinese-English Dictionary (Zhang Zaixin) [ZH(T)-EN] (MDX)|70.4 MB
https://cloud.freemdict.com/index.php/s/pgKcDcbSDTCzXCs/download?path=%2FCHINESE%2FChi-Eng&files=Shi's%20Chinese-English%20Translation%20Dictionary%20(MDX).rar|Shi's Chinese-English Translation Dictionary (MDX)|381.8 MB
https://cloud.freemdict.com/index.php/s/pgKcDcbSDTCzXCs/download?path=%2FCHINESE%2FChi-Eng&files=Simplified%20Chinese-English%20Dictionary.7z|Simplified Chinese-English Dictionary|6.7 MB
https://cloud.freemdict.com/index.php/s/pgKcDcbSDTCzXCs/download?path=%2FCHINESE%2FChi-Eng&files=Soothill-Hodous%20Dictionary%20of%20Chinese%20Buddhist%20Terms%20(Chi-Eng).7z|Soothill-Hodous Dictionary of Chinese Buddhist Terms (Chi-Eng)|1 MB
https://cloud.freemdict.com/index.php/s/pgKcDcbSDTCzXCs/download?path=%2FCHINESE%2FChi-Eng&files=Stardict%20Chinese-English%20Dictionary.7z|Stardict Chinese-English Dictionary|753 KB
https://cloud.freemdict.com/index.php/s/pgKcDcbSDTCzXCs/download?path=%2FCHINESE%2FChi-Eng&files=Student%E2%80%99s%20Dictionary%20of%20Classical%20and%20Medieval%20Chinese%20Revised%20Edition%20(MDX).7z|Student’s Dictionary of Classical and Medieval Chinese Revised Edition (MDX)|390.8 MB
https://cloud.freemdict.com/index.php/s/pgKcDcbSDTCzXCs/download?path=%2FCHINESE%2FChi-Eng&files=Subject%20Glossary%20Handbook%20(Ch-En-Ch).7z|Subject Glossary Handbook (Ch-En-Ch)|30 MB
https://cloud.freemdict.com/index.php/s/pgKcDcbSDTCzXCs/download?path=%2FCHINESE%2FChi-Eng&files=Tatoeba%20Chinese-English%20Vocabulary.7z|Tatoeba Chinese-English Vocabulary|2.5 MB
https://cloud.freemdict.com/index.php/s/pgKcDcbSDTCzXCs/download?path=%2FCHINESE%2FChi-Eng&files=Tatoeba%20Chinese-English%20Vocabulary%20(MDX).7z|Tatoeba Chinese-English Vocabulary (MDX)|10.7 MB
https://cloud.freemdict.com/index.php/s/pgKcDcbSDTCzXCs/download?path=%2FCHINESE%2FChi-Eng&files=Tatoeba%20Sentence%20Bank%20(ZH-EN)%20(MDX).7z|Tatoeba Sentence Bank (ZH-EN) (MDX)|10.6 MB
https://cloud.freemdict.com/index.php/s/pgKcDcbSDTCzXCs/download?path=%2FCHINESE%2FChi-Eng&files=Traditional%20Chinese%20-%20English%20Dictionary.7z|Traditional Chinese - English Dictionary|5.3 MB
https://cloud.freemdict.com/index.php/s/pgKcDcbSDTCzXCs/download?path=%2FCHINESE%2FChi-Eng&files=Translate-English-Chinese%20Bidirectional%20Dictionary%20%5BZH-EN-ZH%5D%20(MDX).zip|Translate-English-Chinese Bidirectional Dictionary [ZH-EN-ZH] (MDX)|30 MB
https://cloud.freemdict.com/index.php/s/pgKcDcbSDTCzXCs/download?path=%2FCHINESE%2FChi-Eng&files=Unicode%20Han%20Database%20(Zho-Eng).7z|Unicode Han Database (Zho-Eng)|8.5 MB
https://cloud.freemdict.com/index.php/s/pgKcDcbSDTCzXCs/download?path=%2FCHINESE%2FChi-Eng&files=Unihan%20(Zh-En).7z|Unihan (Zh-En)|4.1 MB
https://cloud.freemdict.com/index.php/s/pgKcDcbSDTCzXCs/download?path=%2FCHINESE%2FChi-Eng&files=URX%20ZHEN%20Chinese-English%20Dictionary.7z|URX ZHEN Chinese-English Dictionary|5.8 MB
https://cloud.freemdict.com/index.php/s/pgKcDcbSDTCzXCs/download?path=%2FCHINESE%2FChi-Eng&files=Wenxin%20English%20Dictionary%20%5BEN-ZH(T)-EN%5D%20(MDX).zip|Wenxin English Dictionary [EN-ZH(T)-EN] (MDX)|17.6 MB
https://cloud.freemdict.com/index.php/s/pgKcDcbSDTCzXCs/download?path=%2FCHINESE%2FChi-Eng&files=wikdict-zh-en.7z|wikdict-zh-en|268 KB
https://cloud.freemdict.com/index.php/s/pgKcDcbSDTCzXCs/download?path=%2FCHINESE%2FChi-Eng&files=Wikimedia%20Commons%20Image%20Database%20of%20Ancient%20Chinese%20Characters%20%5BZH-EN%5D%20(MDX).zip|Wikimedia Commons Image Database of Ancient Chinese Characters [ZH-EN] (MDX)|49.1 MB
https://cloud.freemdict.com/index.php/s/pgKcDcbSDTCzXCs/download?path=%2FCHINESE%2FChi-Eng&files=Wiktionary%20Chinese-English%20Pocket%20Edition%200.2f%20(MDX).7z|Wiktionary Chinese-English Pocket Edition 0.2f (MDX)|47.1 MB
https://cloud.freemdict.com/index.php/s/pgKcDcbSDTCzXCs/download?path=%2FCHINESE%2FChi-Eng&files=Word%20by%20Word%20Picture%20Dictionary%20(Ch-En)%20(MDX).7z|Word by Word Picture Dictionary (Ch-En) (MDX)|446.8 MB
https://cloud.freemdict.com/index.php/s/pgKcDcbSDTCzXCs/download?path=%2FCHINESE%2FChi-Eng&files=XDict%20Chinese-English%20Big%20Dictionary%20Fixed.7z|XDict Chinese-English Big Dictionary Fixed|1.9 MB
https://cloud.freemdict.com/index.php/s/pgKcDcbSDTCzXCs/download?path=%2FCHINESE%2FChi-Eng&files=XDict%20Chinese-English%20Dictionary.7z|XDict Chinese-English Dictionary|2 MB
https://cloud.freemdict.com/index.php/s/pgKcDcbSDTCzXCs/download?path=%2FCHINESE%2FChi-Eng&files=XiangYa%20Chinese-English%20Medical%20Dictionary.7z|XiangYa Chinese-English Medical Dictionary|22.2 MB
https://cloud.freemdict.com/index.php/s/pgKcDcbSDTCzXCs/download?path=%2FCHINESE%2FChi-Eng&files=Xinhua%20Dictionary%20(Chinese-English%20Bilingual%20Edition)%20(MDX).7z|Xinhua Dictionary (Chinese-English Bilingual Edition) (MDX)|1.6 MB
https://cloud.freemdict.com/index.php/s/pgKcDcbSDTCzXCs/download?path=%2FCHINESE%2FChi-Eng&files=Yan's%20American%20English%20Dictionary%20for%20the%20New%20Era%20(En-Ch%20-%20Ch-En)%20(MDX).zip|Yan's American English Dictionary for the New Era (En-Ch - Ch-En) (MDX)|10.7 MB
https://cloud.freemdict.com/index.php/s/pgKcDcbSDTCzXCs/download?path=%2FCHINESE%2FChi-Eng&files=Yinghua%20Dictionary%20(Chinese-English%20%2B%20Synonym%20Search)%20(MDX).zip|Yinghua Dictionary (Chinese-English + Synonym Search) (MDX)|23.5 MB
https://cloud.freemdict.com/index.php/s/pgKcDcbSDTCzXCs/download?path=%2FCHINESE%2FChi-Eng&files=Yinghua%20Dictionary%20Database%20(Chinese-English%20%2B%20synonym%20search)%20(MDX).zip|Yinghua Dictionary Database (Chinese-English + synonym search) (MDX)|114.6 MB
https://cloud.freemdict.com/index.php/s/pgKcDcbSDTCzXCs/download?path=%2FCHINESE%2FChi-Eng&files=Yinghua%20Dictionary%20Database%20(Phrase%20Extraction)%20%5BZH(T)-EN%5D%20(MDX).zip|Yinghua Dictionary Database (Phrase Extraction) [ZH(T)-EN] (MDX)|10 MB
